1,7/22/2017,7:58:18 PM HKT,10,27,29,7,69,85,1.1,90
2,7/22/2017,7:58:36 PM HKT,18,22,22,5,74,91,1.0,90.0
3,7/22/2017,7:58:50 PM HKT,11,25,23,5,78,85,1.0,90.0
4,7/22/2017,7:59:05 PM HKT,16,23,26,6,72,57,0.0,90.0
5,7/22/2017,7:59:26 PM HKT,18,26,29,6,67,79,0.0,90.0
6,7/22/2017,7:59:43 PM HKT,19,29,25,7,64,85,1.0,90.0
7,7/22/2017,8:00:05 PM HKT,10,22,28,7,99,88,0.0,90.0
8,7/22/2017,8:00:28 PM HKT,11,28,26,5,91,64,1.0,90.0
9,7/22/2017,8:00:45 PM HKT,17,25,25,7,64,79,0.0,90.0
10,7/22/2017,8:01:04 PM HKT,15,27,28,8,81,73,1.0,90.0
11,7/22/2017,8:01:19 PM HKT,14,22,22,6,60,56,0.0,90.0
12,7/22/2017,8:01:33 PM HKT,12,26,27,7,84,69,0.0,90.0
13,7/22/2017,8:01:49 PM HKT,15,29,23,8,59,57,1.0,90.0
14,7/22/2017,8:02:03 PM HKT,14,26,23,5,99,58,0.0,90.0
15,7/22/2017,8:02:23 PM HKT,15,29,24,6,84,77,0.0,90.0
16,7/22/2017,8:02:38 PM HKT,15,29,24,6,65,70,1.0,90.0
17,7/22/2017,8:02:59 PM HKT,17,25,22,8,81,97,0.0,90.0
18,7/22/2017,8:03:16 PM HKT,12,24,22,5,91,75,0.0,90.0
19,7/22/2017,8:03:31 PM HKT,10,24,25,8,84,77,1.0,90.0
20,7/22/2017,8:03:47 PM HKT,14,27,23,7,61,88,0.0,90.0
21,7/22/2017,8:04:06 PM HKT,17,29,25,6,84,55,1.0,90.0
22,7/22/2017,8:04:28 PM HKT,10,28,23,7,69,98,1.0,90.0
23,7/22/2017,8:04:50 PM HKT,17,23,28,5,67,98,1.0,90.0
24,7/22/2017,8:05:08 PM HKT,16,29,27,5,58,68,0.0,90.0
25,7/22/2017,8:05:28 PM HKT,18,27,27,5,85,81,1.0,90.0
26,7/22/2017,8:05:49 PM HKT,16,25,28,6,92,83,0.0,90.0
27,7/22/2017,8:06:08 PM HKT,13,23,26,7,75,78,0.0,90.0
28,7/22/2017,8:06:23 PM HKT,12,24,25,7,95,70,1.0,90.0
29,7/22/2017,8:06:39 PM HKT,10,22,26,7,65,55,0.0,90.0
30,7/22/2017,8:06:58 PM HKT,17,26,25,7,66,84,1.0,90.0
31,7/22/2017,8:07:13 PM HKT,10,29,29,7,89,71,0.0,90.0
32,7/22/2017,8:07:29 PM HKT,16,24,26,6,55,63,0.0,90.0
33,7/22/2017,8:07:48 PM HKT,13,23,24,8,90,80,1.0,90.0
34,7/22/2017,8:08:05 PM HKT,12,23,28,8,65,78,1.0,90.0
35,7/22/2017,8:08:19 PM HKT,15,24,29,6,70,59,1.0,90.0
36,7/22/2017,8:08:57 PM HKT,16,26,29,5,97,69,0.0,90.0
37,7/22/2017,8:09:11 PM HKT,15,27,23,7,67,97,1.0,90.0
38,7/22/2017,8:10:01 PM HKT,1,2,3,4,5,6,0.0,90.0
39,7/22/2017,8:11:06 PM HKT,15,27,23,7,67,97,1.0,93.0
40,7/22/2017,8:12:28 PM HKT,15,27,23,7,67,97,0.0,93.0
41,7/22/2017,8:13:08 PM HKT,15,27,23,7,67,97,1.0,93.0
42,7/22/2017,8:15:23 PM HKT,15,27,23,7,67,97,0.0,93.0
43,7/22/2017,8:23:40 PM HKT,15,27,23,7,67,97,1.0,93.0
44,7/22/2017,8:24:10 PM HKT,15,27,23,7,67,97,1.0,93.0
45,7/22/2017,8:36:58 PM HKT,15,27,23,7,67,97,0.0,93.0
46,7/22/2017,8:37:15 PM HKT,15,27,23,7,67,97,0.0,93.0
46,7/22/2017,10:07:04 PM HKT,10,27,29,7,69,85,0.0,93.0
47,7/22/2017,10:08:56 PM HKT,10,27,29,7,69,85,0.0,93.0
48,7/22/2017,10:09:19 PM HKT,18,22,22,5,74,91,1.0,93.0
49,7/22/2017,10:09:50 PM HKT,16,23,26,6,72,57,0.0,93.0
50,7/22/2017,10:10:21 PM HKT,19,29,25,7,64,85,1.0,93.0
51,7/22/2017,10:11:20 PM HKT,0,27,25,7,29,0,0.0,93.0
52,7/22/2017,10:11:47 PM HKT,51,25,27,5,93,30,0.0,93.0
53,7/22/2017,10:12:08 PM HKT,66,27,30,6,47,72,1.0,93.0
54,7/22/2017,10:12:35 PM HKT,69,25,33,7,24,35,1.0,93.0
55,7/22/2017,10:13:03 PM HKT,1,28,22,5,31,29,1.0,93.0
56,7/22/2017,10:13:26 PM HKT,97,29,25,7,44,34,0.0,93.0
57,7/22/2017,10:13:57 PM HKT,34,22,26,6,20,56,1.0,93.0
58,7/22/2017,10:15:11 PM HKT,65,33,28,6,90,30,0.0,93.0
59,7/22/2017,10:15:41 PM HKT,42,24,30,5,1,10,1.0,93.0
60,7/22/2017,10:16:02 PM HKT,80,32,25,8,14,47,0.0,93.0
61,7/22/2017,10:16:41 PM HKT,87,25,29,6,79,95,1.0,93.0
62,7/22/2017,10:17:27 PM HKT,26,25,27,5,93,88,0.0,93.0
63,7/22/2017,10:17:49 PM HKT,38,23,31,5,20,11,1.0,93.0
64,7/22/2017,10:18:08 PM HKT,46,25,24,6,87,68,1.0,93.0
65,7/22/2017,10:18:34 PM HKT,52,32,29,7,10,5,0.0,93.0
66,7/22/2017,10:19:08 PM HKT,47,30,33,7,86,19,0.0,93.0
67,7/22/2017,10:19:29 PM HKT,0,29,25,7,74,61,1.0,93.0
68,7/22/2017,10:19:57 PM HKT,23,27,24,8,30,55,1.0,93.0
69,7/22/2017,10:20:27 PM HKT,55,32,29,6,5,94,1.0,93.0
70,7/22/2017,10:20:49 PM HKT,48,27,31,7,60,41,0.0,93.0
71,7/22/2017,10:21:10 PM HKT,56,22,25,5,37,79,0.0,93.0
72,7/22/2017,10:21:39 PM HKT,55,29,23,7,45,12,1.0,93.0
73,7/22/2017,10:22:09 PM HKT,55,23,22,6,76,99,0.0,93.0
74,7/22/2017,10:22:38 PM HKT,16,32,27,7,80,4,1.0,96.0
75,7/22/2017,10:23:00 PM HKT,86,29,25,7,79,2,0.0,96.0
76,7/22/2017,10:23:29 PM HKT,17,25,33,7,67,16,0.0,96.0
77,7/22/2017,10:24:08 PM HKT,20,23,26,7,30,77,1.0,96.0
78,7/22/2017,10:25:08 PM HKT,53,27,32,5,42,97,0.0,96.0
79,7/22/2017,10:25:30 PM HKT,88,26,23,5,43,95,1.0,96.0
80,7/22/2017,10:25:52 PM HKT,49,25,30,7,67,45,0.0,96.0
81,7/22/2017,10:26:37 PM HKT,60,26,31,6,9,53,1.0,96.0
82,7/22/2017,10:27:08 PM HKT,31,22,27,7,94,93,0.0,96.0
83,7/22/2017,10:27:28 PM HKT,65,27,31,6,58,41,1.0,96.0
84,7/22/2017,10:27:49 PM HKT,48,25,27,8,89,9,1.0,96.0
85,7/22/2017,10:28:35 PM HKT,82,30,29,6,24,4,0.0,96.0
86,7/22/2017,10:29:38 PM HKT,48,31,24,7,59,30,1.0,96.0
87,7/22/2017,10:30:05 PM HKT,76,31,26,5,4,33,0.0,96.0
88,7/22/2017,10:31:19 PM HKT,14,29,25,8,79,96,0.0,96.0
89,7/22/2017,10:31:40 PM HKT,0,26,25,6,55,28,0.0,96.0
90,7/22/2017,10:32:28 PM HKT,29,26,27,7,52,33,1.0,96.0
91,7/22/2017,10:33:00 PM HKT,85,25,29,8,58,83,0.0,96.0
92,7/22/2017,10:33:20 PM HKT,10,28,32,5,71,72,1.0,96.0
93,7/22/2017,10:33:48 PM HKT,80,29,33,5,46,32,0.0,96.0
94,7/22/2017,10:34:13 PM HKT,54,33,29,7,11,93,1.0,96.0
95,7/22/2017,10:34:48 PM HKT,32,30,33,7,9,52,1.0,96.0
96,7/22/2017,10:35:11 PM HKT,22,26,22,5,17,23,1.0,96.0
97,7/22/2017,10:35:42 PM HKT,28,22,32,6,75,4,1.0,96.0
98,7/22/2017,10:36:19 PM HKT,77,26,28,5,51,37,1.0,96.0
99,7/22/2017,10:36:52 PM HKT,97,26,24,7,97,55,0.0,96.0
100,7/22/2017,10:37:21 PM HKT,76,31,29,8,82,74,1.0,96.0
101,7/22/2017,10:38:04 PM HKT,71,33,30,5,64,70,0.0,96.0
102,7/22/2017,10:38:24 PM HKT,79,33,32,8,6,46,1.0,96.0
103,7/22/2017,10:38:45 PM HKT,78,28,24,5,42,96,0.0,96.0
104,7/22/2017,10:39:07 PM HKT,8,25,26,5,7,12,1.0,96.0
105,7/22/2017,10:39:35 PM HKT,48,23,27,7,54,90,0.0,96.0
106,7/22/2017,10:39:56 PM HKT,53,29,23,5,11,74,1.0,96.0
107,7/22/2017,10:40:26 PM HKT,43,29,28,8,83,83,0.0,96.0
108,7/22/2017,10:41:02 PM HKT,22,23,27,6,85,97,1.0,96.0
109,7/22/2017,10:41:31 PM HKT,22,33,32,5,66,46,0.0,96.0
110,7/22/2017,10:41:58 PM HKT,57,33,23,8,17,92,1.0,96.0
111,7/22/2017,10:42:46 PM HKT,95,22,32,6,87,19,0.0,96.0
112,7/22/2017,10:43:35 PM HKT,95,23,27,7,68,38,1.0,96.0
113,7/22/2017,10:44:06 PM HKT,53,27,24,6,45,19,0.0,96.0
114,7/22/2017,10:44:40 PM HKT,0,31,23,8,78,50,0.0,96.0
115,7/22/2017,10:45:19 PM HKT,20,25,26,5,17,8,1.0,96.0
116,7/22/2017,10:45:49 PM HKT,45,22,29,6,55,69,0.0,96.0
117,7/22/2017,10:46:21 PM HKT,56,25,28,8,97,53,1.0,96.0
118,7/22/2017,10:46:46 PM HKT,8,31,24,6,20,6,0.0,96.0
119,7/22/2017,10:47:07 PM HKT,14,26,32,8,62,75,1.0,96.0
120,7/22/2017,10:47:50 PM HKT,72,25,24,8,39,74,1.0,96.0
121,7/22/2017,10:48:16 PM HKT,33,33,28,7,11,9,0.0,96.0
122,7/22/2017,10:51:36 PM HKT,22,25,26,5,45,95,1.0,96.0
123,7/22/2017,10:52:28 PM HKT,13,26,33,8,90,16,1.0,96.0
124,7/22/2017,10:54:08 PM HKT,71,24,31,5,98,44,1.0,96.0
125,7/22/2017,10:54:34 PM HKT,68,24,32,5,51,43,0.0,96.0
126,7/22/2017,10:55:00 PM HKT,81,28,32,6,39,98,0.0,96.0
127,7/22/2017,10:55:21 PM HKT,11,30,31,7,16,43,1.0,96.0
128,7/22/2017,10:56:05 PM HKT,4,33,26,7,8,55,0.0,96.0
129,7/22/2017,10:56:35 PM HKT,87,25,26,5,49,10,1.0,96.0
130,7/22/2017,10:57:03 PM HKT,59,32,25,6,3,82,1.0,96.0
131,7/22/2017,10:57:24 PM HKT,84,25,24,7,70,61,0.0,96.0
132,7/22/2017,10:57:46 PM HKT,86,31,30,6,75,41,0.0,96.0
133,7/22/2017,10:58:22 PM HKT,94,33,28,5,22,53,1.0,96.0
134,7/22/2017,10:58:43 PM HKT,1,29,28,7,20,42,0.0,96.0
135,7/22/2017,10:59:07 PM HKT,67,26,32,7,75,59,1.0,96.0
136,7/22/2017,10:59:40 PM HKT,16,25,22,5,6,79,0.0,96.0
137,7/22/2017,11:00:09 PM HKT,81,32,28,7,17,92,1.0,96.0
138,7/22/2017,11:00:40 PM HKT,20,33,31,7,89,78,1.0,96.0
139,7/22/2017,11:01:26 PM HKT,4,28,28,8,16,45,1.0,96.0
140,7/22/2017,11:02:10 PM HKT,47,25,28,6,83,61,0.0,96.0
141,7/22/2017,11:02:34 PM HKT,30,26,23,8,41,75,1.0,96.0
142,7/22/2017,11:03:12 PM HKT,16,24,29,8,1,69,0.0,96.0
143,7/22/2017,11:03:34 PM HKT,43,30,28,8,46,35,1.0,96.0
144,7/22/2017,11:04:04 PM HKT,2,23,31,7,17,36,1.0,96.0
145,7/22/2017,11:04:29 PM HKT,31,24,31,6,47,18,1.0,96.0
146,7/22/2017,11:04:49 PM HKT,38,23,27,8,71,89,1.0,96.0
147,7/22/2017,11:05:16 PM HKT,19,32,32,7,62,47,0.0,96.0
148,7/22/2017,11:05:40 PM HKT,36,25,25,5,17,65,1.0,96.0
149,7/22/2017,11:06:31 PM HKT,23,22,28,8,38,88,0.0,96.0
150,7/22/2017,11:06:52 PM HKT,18,29,30,7,28,4,1.0,96.0
151,7/22/2017,11:07:11 PM HKT,31,29,29,7,94,63,0.0,96.0
152,7/22/2017,11:07:30 PM HKT,92,23,28,7,49,73,1.0,96.0
153,7/22/2017,11:07:50 PM HKT,7,30,29,7,89,94,0.0,96.0
154,7/22/2017,11:08:17 PM HKT,70,22,25,6,69,95,1.0,96.0
155,7/22/2017,11:08:44 PM HKT,60,33,28,6,79,90,0.0,96.0
156,7/22/2017,11:09:35 PM HKT,71,32,30,5,67,99,0.0,96.0
157,7/22/2017,11:10:04 PM HKT,87,27,22,6,32,56,1.0,96.0
158,7/22/2017,11:10:25 PM HKT,12,22,33,7,78,15,0.0,96.0
159,7/22/2017,11:11:44 PM HKT,3,31,23,6,14,99,1.0,96.0
160,7/22/2017,11:12:51 PM HKT,75,27,30,7,31,49,0.0,96.0
161,7/22/2017,11:13:19 PM HKT,47,27,25,8,42,52,1.0,96.0
162,7/22/2017,11:14:01 PM HKT,5,24,30,8,87,11,0.0,96.0
163,7/22/2017,11:14:58 PM HKT,72,31,23,7,16,45,1.0,96.0
164,7/22/2017,11:21:14 PM HKT,0,27,25,7,29,0,0.0,96.0
165,7/22/2017,11:21:41 PM HKT,51,25,27,5,93,30,0.0,96.0
166,7/22/2017,11:23:13 PM HKT,97,29,25,7,44,34,0.0,96.0
167,7/22/2017,11:23:41 PM HKT,34,22,26,6,20,56,1.0,96.0
168,7/22/2017,11:24:40 PM HKT,45,29,24,6,54,52,0.0,96.0
169,7/22/2017,11:25:09 PM HKT,37,29,26,8,11,27,0.0,96.0
170,7/22/2017,11:25:39 PM HKT,80,32,25,8,14,47,0.0,96.0
171,7/22/2017,11:26:08 PM HKT,87,25,29,6,79,95,1.0,96.0
172,7/22/2017,11:26:29 PM HKT,50,24,27,7,34,73,1.0,96.0
173,7/22/2017,11:27:16 PM HKT,38,23,31,5,20,11,1.0,96.0
174,7/22/2017,11:27:43 PM HKT,3,27,22,7,5,83,1.0,96.0
175,7/22/2017,11:28:26 PM HKT,47,30,33,7,86,19,0.0,96.0
176,7/22/2017,11:29:11 PM HKT,23,27,24,8,30,55,1.0,96.0
177,7/22/2017,11:29:43 PM HKT,55,32,29,6,5,94,1.0,96.0
178,7/22/2017,11:30:04 PM HKT,48,27,31,7,60,41,0.0,96.0
179,7/22/2017,11:30:47 PM HKT,55,29,23,7,45,12,0.0,96.0
180,7/22/2017,11:31:32 PM HKT,54,30,24,6,55,70,0.0,96.0
181,7/22/2017,11:32:55 PM HKT,46,29,22,8,7,56,1.0,96.0
182,7/22/2017,11:33:22 PM HKT,48,22,26,7,10,19,1.0,96.0
183,7/22/2017,11:33:49 PM HKT,22,27,30,5,95,71,1.0,96.0
184,7/22/2017,11:34:31 PM HKT,49,25,30,7,67,45,0.0,96.0
185,7/22/2017,11:35:08 PM HKT,67,23,28,7,9,30,0.0,96.0
186,7/22/2017,11:35:35 PM HKT,98,24,28,8,89,88,1.0,96.0
187,7/22/2017,11:36:06 PM HKT,65,27,31,6,58,41,0.0,96.0
188,7/22/2017,11:36:46 PM HKT,88,32,25,6,71,16,1.0,80.0
189,7/22/2017,11:37:07 PM HKT,64,31,22,6,11,12,0.0,80.0
190,7/22/2017,11:38:23 PM HKT,48,31,24,7,59,30,1.0,80.0
191,7/22/2017,11:39:20 PM HKT,91,22,22,7,98,18,0.0,80.0
192,7/22/2017,11:39:47 PM HKT,79,26,28,5,32,30,0.0,80.0
193,7/22/2017,11:40:41 PM HKT,81,23,23,6,97,86,1.0,80.0
194,7/22/2017,11:41:41 PM HKT,85,25,29,8,58,83,0.0,80.0
195,7/22/2017,11:42:25 PM HKT,80,29,33,5,46,32,0.0,80.0
196,7/22/2017,11:42:54 PM HKT,54,33,29,7,11,93,1.0,80.0
197,7/22/2017,11:43:21 PM HKT,32,30,33,7,9,52,0.0,80.0
198,7/22/2017,11:43:49 PM HKT,2,26,26,7,35,25,0.0,80.0
199,7/22/2017,11:44:24 PM HKT,64,23,24,5,21,29,1.0,80.0
200,7/22/2017,11:44:56 PM HKT,38,31,29,8,75,88,0.0,80.0
201,7/22/2017,11:45:19 PM HKT,97,26,24,7,97,55,1.0,80.0
202,7/22/2017,11:46:35 PM HKT,71,33,30,5,64,70,1.0,80.0
203,7/22/2017,11:47:05 PM HKT,78,28,24,5,42,96,1.0,80.0
204,7/22/2017,11:47:48 PM HKT,53,29,23,5,11,74,0.0,80.0
205,7/22/2017,11:48:21 PM HKT,43,29,28,8,83,83,1.0,80.0
206,7/22/2017,11:49:00 PM HKT,22,23,27,6,85,97,0.0,80.0
207,7/22/2017,11:49:24 PM HKT,76,25,31,5,13,88,0.0,80.0
208,7/22/2017,11:49:55 PM HKT,0,33,32,7,45,36,1.0,80.0
209,7/22/2017,11:50:22 PM HKT,32,32,25,6,84,86,0.0,80.0
210,7/22/2017,11:50:48 PM HKT,95,22,32,6,87,19,1.0,80.0
211,7/22/2017,11:51:13 PM HKT,83,23,25,6,9,53,0.0,80.0
212,7/22/2017,11:51:41 PM HKT,98,25,22,8,0,42,0.0,80.0
213,7/23/2017,1:48:39 AM HKT,0,27,25,7,29,0,1.0,80.0
214,7/23/2017,1:48:50 AM HKT,51,25,27,5,93,30,1.0,80.0
215,7/23/2017,1:49:03 AM HKT,68,26,29,6,92,64,1.0,80.0
216,7/23/2017,1:49:27 AM HKT,20,30,24,7,84,63,0.0,80.0
217,7/23/2017,1:49:45 AM HKT,97,29,25,7,44,34,1.0,80.0
218,7/23/2017,1:49:58 AM HKT,34,22,26,6,20,56,0.0,80.0
219,7/23/2017,1:50:09 AM HKT,5,25,27,8,19,97,1.0,80.0
220,7/23/2017,1:50:31 AM HKT,65,33,28,6,90,30,0.0,80.0
221,7/23/2017,1:50:44 AM HKT,42,24,30,5,1,10,1.0,80.0
222,7/23/2017,1:50:59 AM HKT,64,31,31,7,31,18,0.0,80.0
223,7/23/2017,1:51:13 AM HKT,50,24,27,7,34,73,1.0,80.0
224,7/23/2017,1:51:27 AM HKT,26,25,27,5,93,88,1.0,80.0
225,7/23/2017,1:51:53 AM HKT,46,25,24,6,87,68,0.0,80.0
226,7/23/2017,1:52:08 AM HKT,3,27,22,7,5,83,1.0,80.0
227,7/23/2017,1:52:26 AM HKT,10,22,30,7,85,60,1.0,80.0
228,7/23/2017,1:53:05 AM HKT,23,27,24,8,30,55,1.0,80.0
229,7/23/2017,1:53:45 AM HKT,35,23,27,7,7,17,0.0,80.0
230,7/23/2017,1:53:57 AM HKT,72,25,31,6,83,17,0.0,80.0
231,7/23/2017,1:54:11 AM HKT,55,23,22,6,76,99,1.0,80.0
232,7/23/2017,1:54:41 AM HKT,86,29,25,7,79,2,0.0,80.0
233,7/23/2017,1:54:59 AM HKT,17,25,33,7,67,16,1.0,80.0
234,7/23/2017,1:55:15 AM HKT,20,23,26,7,30,77,0.0,80.0
235,7/23/2017,1:55:29 AM HKT,25,28,25,6,9,51,1.0,80.0
236,7/23/2017,1:55:43 AM HKT,53,27,32,5,42,97,0.0,80.0
237,7/23/2017,1:55:58 AM HKT,49,25,30,7,67,45,0.0,80.0
238,7/23/2017,1:56:15 AM HKT,67,23,28,7,9,30,1.0,80.0
239,7/23/2017,1:56:30 AM HKT,98,24,28,8,89,88,0.0,80.0
240,7/23/2017,1:56:45 AM HKT,65,27,31,6,58,41,0.0,80.0
241,7/23/2017,1:57:10 AM HKT,64,31,22,6,11,12,1.0,80.0
242,7/23/2017,1:57:35 AM HKT,37,32,30,8,91,73,0.0,80.0
243,7/23/2017,1:57:49 AM HKT,75,24,25,7,96,59,0.0,80.0
244,7/23/2017,1:58:01 AM HKT,48,31,24,7,59,30,1.0,80.0
245,7/23/2017,1:58:14 AM HKT,23,25,30,8,2,47,0.0,80.0
246,7/23/2017,1:58:36 AM HKT,58,28,24,8,28,6,1.0,80.0
247,7/23/2017,1:59:00 AM HKT,79,26,28,5,32,30,1.0,80.0
248,7/23/2017,1:59:14 AM HKT,14,29,25,8,79,96,1.0,80.0
249,7/23/2017,1:59:30 AM HKT,81,23,23,6,97,86,0.0,80.0
250,7/23/2017,1:59:43 AM HKT,29,26,27,7,52,33,1.0,80.0
251,7/23/2017,2:00:25 AM HKT,5,22,29,8,17,81,0.0,80.0
252,7/23/2017,2:00:42 AM HKT,80,29,33,5,46,32,0.0,80.0
253,7/23/2017,2:01:07 AM HKT,54,33,29,7,11,93,1.0,80.0
254,7/23/2017,2:01:48 AM HKT,28,22,32,6,75,4,0.0,80.0
255,7/23/2017,2:02:32 AM HKT,74,26,32,5,79,82,1.0,80.0
256,7/23/2017,2:02:53 AM HKT,75,28,26,6,39,88,0.0,80.0
257,7/23/2017,2:04:02 AM HKT,43,29,28,8,83,83,1.0,80.0
258,7/23/2017,2:04:34 AM HKT,76,25,31,5,13,88,1.0,80.0
259,7/23/2017,2:04:48 AM HKT,22,33,32,5,66,46,1.0,80.0
260,7/23/2017,2:05:48 AM HKT,83,23,25,6,9,53,0.0,80.0
261,7/23/2017,2:06:10 AM HKT,98,25,22,8,0,42,0.0,80.0
262,7/23/2017,2:06:26 AM HKT,90,26,23,7,60,97,1.0,80.0
263,7/23/2017,2:06:48 AM HKT,3,24,26,8,56,26,0.0,80.0
264,7/23/2017,2:07:14 AM HKT,45,22,29,6,55,69,1.0,80.0
265,7/23/2017,2:07:40 AM HKT,8,31,24,6,20,6,0.0,80.0
266,7/23/2017,2:08:08 AM HKT,75,33,31,8,18,61,1.0,80.0
267,7/23/2017,2:08:24 AM HKT,72,25,24,8,39,74,0.0,80.0
268,7/23/2017,2:08:39 AM HKT,33,33,28,7,11,9,0.0,80.0
269,7/23/2017,2:08:55 AM HKT,69,29,29,6,55,5,1.0,80.0
270,7/23/2017,2:09:29 AM HKT,16,29,26,7,56,63,0.0,80.0
271,7/23/2017,2:09:44 AM HKT,23,31,31,5,39,64,0.0,80.0
272,7/23/2017,2:10:01 AM HKT,69,26,30,6,4,48,1.0,80.0
273,7/23/2017,2:10:17 AM HKT,22,25,26,5,45,95,0.0,80.0
274,7/23/2017,2:10:30 AM HKT,36,33,28,5,38,6,0.0,80.0
275,7/23/2017,2:10:56 AM HKT,48,25,31,6,41,48,1.0,80.0
276,7/23/2017,2:11:10 AM HKT,24,33,33,7,47,90,0.0,80.0
277,7/23/2017,2:11:25 AM HKT,32,25,28,6,85,14,1.0,80.0
278,7/23/2017,2:11:41 AM HKT,9,27,33,6,80,80,1.0,80.0
279,7/23/2017,2:11:54 AM HKT,68,24,32,5,51,43,1.0,80.0
280,7/23/2017,2:12:08 AM HKT,81,28,32,6,39,98,0.0,80.0
281,7/23/2017,2:12:31 AM HKT,67,23,25,8,92,48,1.0,80.0
282,7/23/2017,2:12:47 AM HKT,67,23,31,6,26,65,0.0,80.0
283,7/23/2017,2:13:01 AM HKT,53,25,24,6,2,55,0.0,80.0
284,7/23/2017,2:13:16 AM HKT,84,25,24,7,70,61,1.0,80.0
285,7/23/2017,2:13:29 AM HKT,86,31,30,6,75,41,0.0,80.0
286,7/23/2017,2:13:41 AM HKT,94,33,28,5,22,53,1.0,80.0
287,7/23/2017,2:13:55 AM HKT,1,29,28,7,20,42,0.0,80.0
288,7/23/2017,2:14:09 AM HKT,92,22,28,8,62,94,0.0,80.0
289,7/23/2017,2:14:21 AM HKT,16,25,22,5,6,79,1.0,80.0
290,7/23/2017,2:14:40 AM HKT,81,32,28,7,17,92,1.0,80.0
291,7/23/2017,2:14:53 AM HKT,98,30,27,6,20,14,1.0,80.0
292,7/23/2017,2:15:07 AM HKT,3,31,25,8,60,5,0.0,80.0
293,7/23/2017,2:15:24 AM HKT,4,28,28,8,16,45,0.0,80.0
294,7/23/2017,2:15:56 AM HKT,30,26,23,8,41,75,1.0,80.0
295,7/23/2017,2:16:17 AM HKT,16,24,29,8,1,69,0.0,80.0
296,7/23/2017,2:16:31 AM HKT,64,29,22,6,95,27,1.0,80.0
297,7/23/2017,2:16:47 AM HKT,23,28,23,8,40,27,0.0,80.0
298,7/23/2017,2:17:02 AM HKT,31,24,31,6,47,18,1.0,80.0
299,7/23/2017,2:17:25 AM HKT,19,32,32,7,62,47,0.0,80.0
300,7/23/2017,2:17:41 AM HKT,36,25,25,5,17,65,0.0,80.0
301,7/23/2017,2:17:57 AM HKT,35,23,27,7,81,79,1.0,80.0
302,7/23/2017,2:18:11 AM HKT,23,22,28,8,38,88,0.0,80.0
303,7/23/2017,2:18:23 AM HKT,18,29,30,7,28,4,0.0,80.0
304,7/23/2017,2:18:36 AM HKT,31,29,29,7,94,63,1.0,80.0
305,7/23/2017,2:19:01 AM HKT,46,33,24,5,28,34,0.0,80.0
306,7/23/2017,2:19:26 AM HKT,60,33,28,6,79,90,0.0,80.0
307,7/23/2017,2:19:57 AM HKT,8,25,28,5,56,58,1.0,80.0
308,7/23/2017,2:20:31 AM HKT,1,23,24,7,58,52,0.0,80.0
309,7/23/2017,2:20:57 AM HKT,78,30,26,7,76,26,1.0,80.0
310,7/23/2017,2:21:19 AM HKT,89,25,29,8,7,57,1.0,80.0
311,7/23/2017,2:21:50 AM HKT,47,27,25,8,42,52,1.0,80.0
312,7/23/2017,2:22:21 AM HKT,77,22,32,7,81,22,0.0,80.0
313,7/23/2017,2:22:36 AM HKT,22,24,25,8,50,34,1.0,80.0
314,7/23/2017,2:23:00 AM HKT,76,30,23,7,37,86,0.0,80.0
315,7/23/2017,2:23:21 AM HKT,25,22,30,7,6,32,0.0,80.0
316,7/23/2017,2:23:45 AM HKT,70,32,27,7,54,12,1.0,80.0
317,7/23/2017,2:23:59 AM HKT,16,28,31,8,56,83,0.0,80.0
318,7/23/2017,2:24:14 AM HKT,50,27,30,8,72,21,1.0,80.0
319,7/23/2017,2:24:27 AM HKT,11,25,30,5,46,22,0.0,80.0
320,7/23/2017,2:24:40 AM HKT,90,27,25,7,91,62,0.0,80.0
321,7/23/2017,2:24:55 AM HKT,69,32,33,7,0,53,1.0,80.0
322,7/23/2017,2:25:09 AM HKT,89,27,33,5,46,43,1.0,80.0
323,7/23/2017,2:25:34 AM HKT,33,24,32,7,42,78,1.0,80.0
324,7/23/2017,2:26:23 AM HKT,47,29,30,8,4,12,0.0,80.0
325,7/23/2017,2:27:05 AM HKT,49,24,25,6,77,62,0.0,80.0
326,7/23/2017,2:27:26 AM HKT,95,29,24,8,1,93,1.0,80.0
327,7/23/2017,2:27:39 AM HKT,65,28,23,6,46,44,0.0,80.0
328,7/23/2017,2:27:50 AM HKT,66,30,26,8,27,99,1.0,80.0
329,7/23/2017,2:28:04 AM HKT,29,25,32,7,3,19,0.0,80.0
330,7/23/2017,2:28:37 AM HKT,60,26,30,6,93,23,1.0,80.0
331,7/23/2017,2:28:52 AM HKT,21,23,26,7,16,6,0.0,80.0
332,7/23/2017,2:29:04 AM HKT,22,25,29,5,88,44,0.0,80.0
333,7/23/2017,2:29:16 AM HKT,6,27,23,8,47,57,1.0,80.0
334,7/23/2017,2:29:37 AM HKT,51,26,31,5,81,39,0.0,80.0
335,7/23/2017,2:29:58 AM HKT,2,32,22,7,49,90,0.0,80.0
336,7/23/2017,2:30:12 AM HKT,6,25,32,6,14,4,1.0,80.0
337,7/23/2017,2:30:29 AM HKT,13,31,33,7,17,17,0.0,80.0
338,7/23/2017,2:30:54 AM HKT,70,22,26,7,96,4,0.0,80.0
339,7/23/2017,2:31:10 AM HKT,4,22,22,5,21,73,1.0,80.0
340,7/23/2017,2:31:34 AM HKT,95,28,25,5,78,1,0.0,80.0
341,7/23/2017,2:31:50 AM HKT,70,24,24,5,79,86,1.0,80.0
342,7/23/2017,2:32:32 AM HKT,25,32,22,8,45,63,1.0,80.0
343,7/23/2017,2:32:45 AM HKT,66,29,26,5,68,72,1.0,80.0
344,7/23/2017,2:32:59 AM HKT,87,31,22,7,20,97,0.0,80.0
345,7/23/2017,2:33:23 AM HKT,32,28,28,6,62,85,1.0,80.0
346,7/23/2017,2:34:03 AM HKT,44,22,22,6,13,66,0.0,80.0
347,7/23/2017,2:34:17 AM HKT,70,25,25,5,3,61,0.0,80.0
348,7/23/2017,2:34:31 AM HKT,97,32,23,8,92,14,1.0,80.0
349,7/23/2017,2:34:48 AM HKT,89,28,30,7,61,92,1.0,80.0
350,7/23/2017,2:35:03 AM HKT,16,30,31,5,3,27,1.0,80.0
351,7/23/2017,2:35:23 AM HKT,45,23,28,8,31,75,0.0,80.0
352,7/23/2017,2:35:37 AM HKT,70,30,27,7,46,40,0.0,80.0
353,7/23/2017,2:35:57 AM HKT,16,27,32,8,24,83,1.0,80.0
354,7/23/2017,2:36:11 AM HKT,6,27,27,8,2,56,0.0,80.0
355,7/23/2017,2:37:04 AM HKT,9,27,31,5,0,61,1.0,80.0
356,7/23/2017,2:37:55 AM HKT,18,24,24,6,10,38,0.0,80.0
357,7/23/2017,2:38:09 AM HKT,67,27,28,6,19,17,1.0,80.0
358,7/23/2017,2:38:22 AM HKT,6,24,31,6,15,29,0.0,80.0
359,7/23/2017,2:38:36 AM HKT,8,30,28,6,21,76,0.0,80.0
360,7/23/2017,2:38:51 AM HKT,97,22,26,5,82,97,1.0,80.0
361,7/23/2017,2:39:06 AM HKT,51,29,22,7,87,74,0.0,80.0
362,7/23/2017,2:39:21 AM HKT,67,25,25,6,35,12,0.0,80.0
363,7/23/2017,2:39:34 AM HKT,54,29,30,5,74,15,1.0,80.0
364,7/23/2017,2:39:57 AM HKT,80,28,31,6,90,93,0.0,80.0
365,7/23/2017,2:40:20 AM HKT,93,30,29,5,47,70,0.0,80.0
366,7/23/2017,2:40:36 AM HKT,75,22,26,6,69,95,1.0,80.0
367,7/23/2017,2:40:49 AM HKT,15,30,26,7,97,50,0.0,80.0
368,7/23/2017,2:41:03 AM HKT,34,30,26,7,25,79,1.0,80.0
369,7/23/2017,2:41:17 AM HKT,27,31,26,7,76,45,1.0,80.0
370,7/23/2017,2:41:33 AM HKT,4,32,31,6,94,53,1.0,80.0
371,7/23/2017,2:41:46 AM HKT,36,22,26,8,88,88,0.0,80.0
372,7/23/2017,2:42:01 AM HKT,71,22,28,5,25,83,1.0,80.0
373,7/23/2017,2:42:14 AM HKT,26,24,24,5,29,72,0.0,80.0
374,7/23/2017,2:42:35 AM HKT,5,27,29,7,46,60,0.0,80.0
375,7/23/2017,2:42:48 AM HKT,44,28,31,8,54,83,1.0,80.0
376,7/23/2017,2:43:08 AM HKT,88,28,23,5,55,91,0.0,80.0
377,7/23/2017,2:43:22 AM HKT,75,23,23,6,57,98,1.0,80.0
378,7/23/2017,2:43:38 AM HKT,40,32,27,5,58,4,0.0,80.0
379,7/23/2017,2:43:52 AM HKT,75,27,30,7,57,98,0.0,80.0
380,7/23/2017,2:44:24 AM HKT,13,33,32,6,58,0,1.0,80.0
381,7/23/2017,2:44:38 AM HKT,72,22,26,5,95,80,1.0,80.0
382,7/23/2017,2:44:51 AM HKT,47,31,29,5,52,93,1.0,80.0
383,7/23/2017,2:45:22 AM HKT,27,30,25,7,73,59,0.0,80.0
384,7/23/2017,2:45:37 AM HKT,6,23,31,8,18,99,1.0,80.0
385,7/23/2017,2:45:48 AM HKT,43,26,24,6,10,34,0.0,80.0
386,7/23/2017,2:46:11 AM HKT,50,23,29,6,91,29,1.0,80.0
387,7/23/2017,2:46:29 AM HKT,72,29,23,6,54,8,0.0,80.0
388,7/23/2017,2:46:53 AM HKT,47,24,29,5,36,27,1.0,80.0
389,7/23/2017,2:47:06 AM HKT,52,27,24,5,91,98,0.0,80.0
390,7/23/2017,2:47:29 AM HKT,26,28,25,8,71,92,1.0,80.0
391,7/23/2017,2:47:45 AM HKT,60,31,33,7,23,20,1.0,80.0
392,7/23/2017,2:48:01 AM HKT,75,24,22,5,95,87,0.0,80.0
393,7/23/2017,2:48:16 AM HKT,69,29,22,8,27,30,0.0,80.0
394,7/23/2017,2:48:47 AM HKT,80,25,30,5,0,68,0.0,80.0
395,7/23/2017,2:49:09 AM HKT,31,24,31,8,75,14,0.0,80.0
396,7/23/2017,2:49:32 AM HKT,70,27,31,6,83,79,1.0,80.0
397,7/23/2017,2:49:46 AM HKT,77,28,24,6,23,35,0.0,80.0
398,7/23/2017,2:50:10 AM HKT,91,28,29,5,92,7,1.0,80.0
399,7/23/2017,2:50:25 AM HKT,59,24,26,6,91,8,1.0,80.0
400,7/23/2017,2:50:48 AM HKT,43,30,23,8,75,65,1.0,80.0
401,7/23/2017,2:51:21 AM HKT,21,27,29,6,66,88,0.0,80.0
402,7/23/2017,2:52:00 AM HKT,17,31,33,7,96,47,0.0,80.0
403,7/23/2017,2:52:25 AM HKT,78,33,29,5,72,25,1.0,80.0
404,7/23/2017,2:52:39 AM HKT,21,23,22,6,99,80,0.0,80.0
405,7/23/2017,2:52:52 AM HKT,45,30,27,8,17,87,1.0,80.0
406,7/23/2017,2:53:07 AM HKT,45,26,32,8,85,33,0.0,80.0
407,7/23/2017,2:53:31 AM HKT,63,33,28,5,5,51,1.0,80.0
408,7/23/2017,2:53:42 AM HKT,96,24,33,5,9,16,0.0,80.0
409,7/23/2017,2:53:52 AM HKT,72,29,27,8,66,0,0.0,80.0
410,7/23/2017,2:54:14 AM HKT,1,26,31,6,80,80,1.0,80.0
411,7/23/2017,2:54:31 AM HKT,36,22,31,7,17,77,0.0,80.0
412,7/23/2017,2:54:46 AM HKT,22,31,31,6,90,88,0.0,80.0
413,7/23/2017,2:54:59 AM HKT,76,29,22,8,50,47,1.0,80.0
414,7/23/2017,2:55:24 AM HKT,8,27,23,8,0,3,0.0,80.0
415,7/23/2017,2:55:39 AM HKT,60,29,31,8,39,49,0.0,80.0
416,7/23/2017,2:56:10 AM HKT,61,28,25,7,67,47,1.0,80.0
417,7/23/2017,2:56:25 AM HKT,50,29,28,7,86,76,0.0,80.0
418,7/23/2017,2:56:43 AM HKT,86,30,22,6,38,70,1.0,80.0
419,7/23/2017,2:57:08 AM HKT,47,33,32,8,93,80,1.0,80.0
420,7/23/2017,2:57:21 AM HKT,48,32,25,8,72,15,1.0,80.0
421,7/23/2017,2:57:42 AM HKT,69,24,32,7,22,16,0.0,80.0
422,7/23/2017,2:58:14 AM HKT,85,31,29,6,48,57,1.0,80.0
423,7/23/2017,2:58:31 AM HKT,2,22,25,7,75,4,0.0,80.0
424,7/23/2017,2:58:54 AM HKT,23,25,29,5,19,69,0.0,80.0
425,7/23/2017,2:59:26 AM HKT,16,33,25,7,91,9,1.0,80.0
426,7/23/2017,3:00:07 AM HKT,78,22,30,5,28,71,0.0,80.0
427,7/23/2017,3:00:22 AM HKT,49,27,29,8,41,17,1.0,80.0
428,7/23/2017,3:00:42 AM HKT,97,23,33,7,55,94,0.0,80.0
429,7/23/2017,3:01:23 AM HKT,78,29,32,6,54,7,0.0,80.0
430,7/23/2017,3:01:39 AM HKT,42,28,24,5,40,72,1.0,80.0
431,7/23/2017,3:02:12 AM HKT,37,33,31,8,81,47,1.0,80.0
432,7/23/2017,3:02:33 AM HKT,63,22,28,8,38,95,1.0,80.0
433,7/23/2017,3:02:56 AM HKT,34,32,29,6,16,72,1.0,80.0
434,7/23/2017,3:03:13 AM HKT,12,24,27,6,47,98,1.0,80.0
435,7/23/2017,3:03:38 AM HKT,51,27,24,7,59,6,1.0,80.0
436,7/23/2017,3:04:03 AM HKT,47,33,22,7,11,67,0.0,80.0
437,7/23/2017,3:04:35 AM HKT,71,23,33,7,12,99,0.0,80.0
438,7/23/2017,3:04:59 AM HKT,75,33,30,8,86,97,1.0,80.0
439,7/23/2017,3:05:21 AM HKT,47,32,23,8,9,26,0.0,80.0
440,7/23/2017,3:05:37 AM HKT,64,31,24,5,11,91,1.0,80.0
441,7/23/2017,3:05:59 AM HKT,84,23,32,8,51,62,0.0,80.0
442,7/23/2017,3:06:15 AM HKT,17,31,32,7,80,3,1.0,80.0
443,7/23/2017,3:06:33 AM HKT,0,32,25,5,58,92,0.0,80.0
444,7/23/2017,3:06:49 AM HKT,31,26,32,5,50,73,0.0,80.0
445,7/23/2017,3:07:03 AM HKT,59,26,28,8,83,21,1.0,80.0
446,7/23/2017,3:07:18 AM HKT,68,29,24,8,14,79,0.0,80.0
447,7/23/2017,3:07:31 AM HKT,1,24,27,8,32,70,0.0,80.0
448,7/23/2017,3:07:42 AM HKT,24,29,32,8,55,5,1.0,80.0
449,7/23/2017,3:07:57 AM HKT,83,33,31,8,65,46,0.0,80.0
450,7/23/2017,3:08:08 AM HKT,50,33,27,5,32,3,0.0,95.0
451,7/23/2017,3:08:21 AM HKT,55,24,29,8,14,6,1.0,95.0
452,7/23/2017,3:08:36 AM HKT,37,30,27,7,41,34,0.0,95.0
453,7/23/2017,3:08:49 AM HKT,77,29,25,5,63,62,1.0,95.0
454,7/23/2017,3:09:21 AM HKT,39,30,27,8,20,18,1.0,95.0
455,7/23/2017,3:09:34 AM HKT,68,33,29,5,59,33,1.0,95.0
456,7/23/2017,3:09:57 AM HKT,60,30,25,8,48,62,0.0,95.0
457,7/23/2017,3:10:12 AM HKT,13,31,32,5,28,78,1.0,95.0
458,7/23/2017,3:10:25 AM HKT,91,23,26,6,20,41,0.0,95.0
459,7/23/2017,3:10:38 AM HKT,86,27,28,7,76,91,0.0,95.0
460,7/23/2017,3:10:55 AM HKT,19,23,22,6,93,15,1.0,95.0
461,7/23/2017,3:11:28 AM HKT,43,23,22,8,83,28,0.0,95.0
462,7/23/2017,3:11:42 AM HKT,1,24,29,6,72,82,1.0,95.0
463,7/23/2017,3:11:59 AM HKT,77,33,29,7,84,73,0.0,95.0
464,7/23/2017,3:12:15 AM HKT,30,33,32,6,26,77,0.0,95.0
465,7/23/2017,3:12:32 AM HKT,52,22,29,6,33,93,1.0,95.0
466,7/23/2017,3:12:48 AM HKT,4,29,28,5,26,66,1.0,95.0
467,7/23/2017,3:13:02 AM HKT,65,23,22,5,6,87,1.0,95.0
468,7/23/2017,3:13:15 AM HKT,94,28,23,5,10,0,1.0,95.0
469,7/23/2017,3:13:38 AM HKT,77,29,33,8,87,77,1.0,95.0
470,7/23/2017,3:13:54 AM HKT,87,22,30,5,23,47,0.0,95.0
471,7/23/2017,3:14:06 AM HKT,93,22,28,5,55,66,0.0,95.0
472,7/23/2017,3:14:18 AM HKT,64,31,28,7,10,74,1.0,95.0
473,7/23/2017,3:14:31 AM HKT,61,28,27,8,43,42,0.0,95.0
474,7/23/2017,3:14:46 AM HKT,60,27,27,5,9,20,1.0,95.0
475,7/23/2017,3:15:03 AM HKT,40,29,23,6,57,81,0.0,95.0
476,7/23/2017,3:15:25 AM HKT,40,29,26,6,98,7,1.0,95.0
477,7/23/2017,3:15:46 AM HKT,54,29,30,8,25,5,0.0,95.0
478,7/23/2017,3:16:01 AM HKT,14,26,33,6,42,30,0.0,95.0
479,7/23/2017,3:16:17 AM HKT,71,26,24,5,46,19,1.0,95.0
480,7/23/2017,3:16:40 AM HKT,14,31,23,6,85,87,0.0,95.0
481,7/23/2017,3:16:55 AM HKT,13,31,32,5,63,15,0.0,95.0
482,7/23/2017,3:17:16 AM HKT,57,24,22,8,66,1,1.0,95.0
483,7/23/2017,3:17:36 AM HKT,24,33,25,7,27,64,0.0,95.0
484,7/23/2017,3:17:48 AM HKT,62,31,22,8,61,15,0.0,95.0
485,7/23/2017,3:18:03 AM HKT,18,31,31,6,39,34,1.0,95.0
486,7/23/2017,3:18:17 AM HKT,62,29,28,7,58,42,0.0,95.0
487,7/23/2017,3:18:30 AM HKT,14,30,25,6,0,4,1.0,95.0
488,7/23/2017,3:18:54 AM HKT,1,22,28,6,56,97,1.0,95.0
489,7/23/2017,3:19:11 AM HKT,90,28,26,6,14,19,1.0,95.0
490,7/23/2017,3:19:33 AM HKT,9,31,26,6,26,99,0.0,95.0
491,7/23/2017,3:19:48 AM HKT,72,27,27,6,6,88,1.0,95.0
492,7/23/2017,3:20:04 AM HKT,49,22,24,7,83,15,0.0,95.0
493,7/23/2017,3:20:46 AM HKT,84,28,30,8,15,97,0.0,95.0
494,7/23/2017,3:20:58 AM HKT,86,29,22,5,36,4,1.0,95.0
495,7/23/2017,3:21:19 AM HKT,63,33,32,5,59,77,0.0,95.0
496,7/23/2017,3:21:42 AM HKT,97,27,24,7,62,23,1.0,95.0
497,7/23/2017,3:22:24 AM HKT,96,30,25,8,94,26,0.0,95.0
498,7/23/2017,3:22:40 AM HKT,22,23,25,5,17,55,0.0,95.0
499,7/23/2017,3:23:30 AM HKT,56,25,26,7,50,56,1.0,95.0
500,7/23/2017,3:23:43 AM HKT,48,27,23,5,4,74,1.0,95.0
501,7/23/2017,3:23:57 AM HKT,18,28,30,5,6,63,1.0,95.0
502,7/23/2017,3:24:15 AM HKT,90,32,33,7,76,36,1.0,95.0
503,7/23/2017,3:24:47 AM HKT,24,23,24,8,70,63,1.0,95.0
504,7/23/2017,3:25:08 AM HKT,56,22,25,5,68,69,1.0,95.0
505,7/23/2017,3:25:29 AM HKT,77,27,25,8,92,73,0.0,95.0
506,7/23/2017,3:25:52 AM HKT,4,24,23,8,56,37,0.0,95.0
507,7/23/2017,3:26:09 AM HKT,61,31,24,6,1,6,1.0,95.0
508,7/23/2017,3:26:34 AM HKT,31,29,25,8,80,34,0.0,95.0
509,7/23/2017,3:26:50 AM HKT,5,32,22,8,84,26,1.0,95.0
510,7/23/2017,3:27:05 AM HKT,94,31,28,5,64,30,0.0,95.0
511,7/23/2017,3:27:18 AM HKT,5,33,28,8,58,23,1.0,95.0
512,7/23/2017,3:27:34 AM HKT,62,29,25,7,83,53,0.0,95.0
513,7/23/2017,3:27:49 AM HKT,29,22,25,7,25,63,0.0,95.0
514,7/23/2017,3:28:03 AM HKT,79,31,33,7,27,52,1.0,95.0
515,7/23/2017,3:28:25 AM HKT,55,29,31,5,5,34,0.0,95.0
516,7/23/2017,3:28:38 AM HKT,95,28,30,8,44,41,0.0,95.0
517,7/23/2017,3:28:52 AM HKT,97,31,22,7,99,65,1.0,95.0
518,7/23/2017,3:29:08 AM HKT,75,22,32,6,32,35,0.0,95.0
519,7/23/2017,3:29:20 AM HKT,71,30,30,7,78,40,0.0,95.0
520,7/23/2017,3:29:32 AM HKT,5,26,27,5,98,4,1.0,95.0
521,7/23/2017,3:29:45 AM HKT,88,33,24,6,51,88,0.0,95.0
522,7/23/2017,3:30:05 AM HKT,65,28,29,5,19,32,1.0,95.0
523,7/23/2017,3:30:18 AM HKT,51,28,31,6,80,96,1.0,95.0
524,7/23/2017,3:30:43 AM HKT,90,24,26,8,16,43,1.0,95.0
525,7/23/2017,3:30:58 AM HKT,45,33,33,6,94,40,0.0,95.0
526,7/23/2017,3:31:13 AM HKT,98,32,29,7,44,80,1.0,95.0
527,7/23/2017,3:31:34 AM HKT,19,26,33,7,18,11,0.0,95.0
528,7/23/2017,3:31:47 AM HKT,87,23,32,8,10,1,0.0,95.0
529,7/23/2017,3:32:01 AM HKT,86,27,22,7,47,89,1.0,95.0
530,7/23/2017,3:32:18 AM HKT,60,23,31,8,29,82,0.0,95.0
531,7/23/2017,3:32:32 AM HKT,94,24,33,8,8,73,1.0,95.0
532,7/23/2017,3:32:47 AM HKT,18,27,26,6,81,31,0.0,95.0
533,7/23/2017,3:33:01 AM HKT,48,23,28,8,89,57,0.0,95.0
534,7/23/2017,3:33:16 AM HKT,65,23,33,7,53,39,1.0,95.0
535,7/23/2017,3:33:33 AM HKT,7,32,27,6,99,88,1.0,95.0
536,7/23/2017,3:34:30 AM HKT,31,28,25,5,70,40,1.0,95.0
537,7/23/2017,3:34:42 AM HKT,25,25,32,7,60,44,1.0,95.0
538,7/23/2017,3:34:57 AM HKT,83,24,31,7,50,57,1.0,95.0
539,7/23/2017,3:35:09 AM HKT,45,31,23,7,54,40,0.0,95.0
540,7/23/2017,3:35:21 AM HKT,7,23,27,8,18,92,0.0,95.0
541,7/23/2017,3:35:34 AM HKT,75,24,33,7,12,58,1.0,95.0
542,7/23/2017,3:35:47 AM HKT,3,29,30,6,14,1,0.0,95.0
543,7/23/2017,3:36:09 AM HKT,3,22,30,7,11,90,1.0,95.0
544,7/23/2017,3:36:23 AM HKT,83,26,32,8,34,45,0.0,95.0
545,7/23/2017,3:36:38 AM HKT,93,30,28,8,26,70,1.0,95.0
546,7/23/2017,3:36:53 AM HKT,34,32,30,8,25,79,0.0,95.0
547,7/23/2017,3:37:14 AM HKT,76,22,22,6,21,76,0.0,95.0
548,7/23/2017,3:37:36 AM HKT,39,30,24,5,54,93,1.0,95.0
549,7/23/2017,3:37:47 AM HKT,97,29,22,7,79,4,0.0,95.0
550,7/23/2017,3:37:58 AM HKT,71,31,25,5,91,39,0.0,95.0
551,7/23/2017,3:38:08 AM HKT,35,28,24,8,82,42,1.0,95.0
552,7/23/2017,3:38:19 AM HKT,85,27,30,6,46,25,0.0,95.0
553,7/23/2017,3:38:31 AM HKT,18,27,29,6,27,53,0.0,95.0
554,7/23/2017,3:38:45 AM HKT,59,27,31,5,24,88,1.0,95.0
555,7/23/2017,3:39:00 AM HKT,40,27,23,6,38,8,0.0,95.0
556,7/23/2017,3:39:14 AM HKT,13,31,26,8,81,59,1.0,95.0
557,7/23/2017,3:40:11 AM HKT,59,26,32,6,88,53,1.0,95.0
558,7/23/2017,3:40:27 AM HKT,5,33,26,8,45,26,1.0,95.0
559,7/23/2017,3:41:06 AM HKT,46,22,31,5,42,2,0.0,95.0
560,7/23/2017,3:41:32 AM HKT,22,27,30,6,82,24,1.0,95.0
561,7/23/2017,3:41:49 AM HKT,62,24,22,8,51,8,0.0,95.0
562,7/23/2017,3:42:05 AM HKT,91,24,27,8,45,98,0.0,95.0
563,7/23/2017,3:42:18 AM HKT,13,31,25,8,61,28,1.0,95.0
564,7/23/2017,3:42:31 AM HKT,77,33,32,8,5,79,0.0,95.0
565,7/23/2017,3:42:44 AM HKT,48,22,30,5,94,88,1.0,95.0
566,7/23/2017,3:42:58 AM HKT,23,30,22,6,54,25,0.0,95.0
567,7/23/2017,3:43:15 AM HKT,59,32,23,7,94,90,0.0,95.0
568,7/23/2017,3:43:29 AM HKT,87,30,27,6,94,19,1.0,95.0
569,7/23/2017,3:43:44 AM HKT,63,27,31,5,5,35,1.0,95.0
570,7/23/2017,3:43:58 AM HKT,43,30,30,6,74,25,1.0,95.0
571,7/23/2017,3:44:11 AM HKT,30,33,25,8,95,84,0.0,95.0
572,7/23/2017,3:44:33 AM HKT,2,23,33,8,82,87,1.0,95.0
573,7/23/2017,3:44:46 AM HKT,95,30,24,5,77,15,0.0,95.0
574,7/23/2017,3:45:00 AM HKT,24,31,26,7,14,32,1.0,95.0
575,7/23/2017,3:45:15 AM HKT,41,22,24,6,71,15,1.0,95.0
576,7/23/2017,3:46:01 AM HKT,88,31,28,7,76,16,1.0,95.0
577,7/23/2017,3:46:25 AM HKT,87,32,24,7,72,81,0.0,95.0
578,7/23/2017,3:46:40 AM HKT,80,33,27,5,57,19,0.0,95.0
579,7/23/2017,3:46:52 AM HKT,95,31,26,5,19,13,1.0,95.0
580,7/23/2017,3:47:04 AM HKT,83,31,24,6,73,69,0.0,95.0
581,7/23/2017,3:47:18 AM HKT,88,27,32,8,6,43,1.0,95.0
582,7/23/2017,3:47:34 AM HKT,80,28,33,8,90,26,0.0,95.0
583,7/23/2017,3:47:50 AM HKT,93,26,33,5,55,13,1.0,95.0
584,7/23/2017,3:48:03 AM HKT,37,30,29,6,68,18,0.0,95.0
585,7/23/2017,3:48:17 AM HKT,92,26,31,6,76,81,0.0,95.0
586,7/23/2017,3:48:32 AM HKT,5,25,25,7,66,38,1.0,95.0
587,7/23/2017,3:48:44 AM HKT,39,25,25,6,3,44,0.0,95.0
588,7/23/2017,3:48:58 AM HKT,7,30,26,7,89,85,0.0,95.0
589,7/23/2017,3:49:13 AM HKT,4,23,23,6,9,60,1.0,95.0
590,7/23/2017,3:49:29 AM HKT,80,25,22,5,70,99,0.0,95.0
591,7/23/2017,3:49:43 AM HKT,32,26,30,5,34,86,0.0,95.0
592,7/23/2017,3:49:57 AM HKT,81,23,32,7,24,74,1.0,95.0
593,7/23/2017,3:50:09 AM HKT,92,28,23,8,65,62,0.0,95.0
594,7/23/2017,3:50:22 AM HKT,63,27,23,6,30,73,1.0,95.0
595,7/23/2017,3:50:35 AM HKT,20,22,27,7,2,79,1.0,95.0
596,7/23/2017,3:50:49 AM HKT,73,23,23,8,83,54,1.0,95.0
597,7/23/2017,3:51:28 AM HKT,18,26,27,6,89,54,0.0,95.0
598,7/23/2017,3:51:43 AM HKT,9,32,23,5,44,0,1.0,95.0
599,7/23/2017,3:51:57 AM HKT,82,29,22,8,90,68,0.0,95.0
600,7/23/2017,3:52:11 AM HKT,88,26,24,5,8,56,0.0,95.0
601,7/23/2017,3:52:27 AM HKT,69,32,23,6,68,40,1.0,95.0
602,7/23/2017,3:52:41 AM HKT,6,27,30,7,33,74,0.0,95.0
603,7/23/2017,3:52:57 AM HKT,51,29,33,6,53,85,1.0,95.0
604,7/23/2017,3:53:12 AM HKT,7,25,30,5,56,94,0.0,95.0
605,7/23/2017,3:53:27 AM HKT,60,28,22,8,49,43,0.0,95.0
606,7/23/2017,3:53:41 AM HKT,13,31,32,6,41,39,1.0,95.0
607,7/23/2017,3:54:27 AM HKT,21,28,30,8,79,15,1.0,95.0
608,7/23/2017,3:55:08 AM HKT,94,28,27,6,43,8,1.0,95.0
609,7/23/2017,3:55:58 AM HKT,26,29,26,8,41,62,0.0,95.0
610,7/23/2017,3:56:21 AM HKT,7,25,32,7,17,31,1.0,95.0
611,7/23/2017,3:56:47 AM HKT,38,31,23,5,89,84,1.0,95.0
612,7/23/2017,3:57:01 AM HKT,43,23,28,5,1,26,1.0,95.0
613,7/23/2017,3:57:33 AM HKT,64,30,31,7,17,42,1.0,95.0
614,7/23/2017,3:57:58 AM HKT,89,23,28,7,88,36,0.0,95.0
615,7/23/2017,3:58:33 AM HKT,62,27,26,5,24,10,0.0,95.0
616,7/23/2017,3:58:46 AM HKT,78,27,27,6,35,50,1.0,95.0
617,7/23/2017,3:59:11 AM HKT,74,30,31,5,76,64,0.0,95.0
618,7/23/2017,3:59:23 AM HKT,83,24,29,8,86,80,1.0,95.0
619,7/23/2017,3:59:36 AM HKT,76,23,22,5,96,9,0.0,95.0
620,7/23/2017,3:59:50 AM HKT,41,22,27,8,18,28,1.0,95.0
621,7/23/2017,4:00:07 AM HKT,23,28,22,6,97,31,0.0,95.0
622,7/23/2017,4:00:24 AM HKT,42,22,32,7,14,88,0.0,95.0
623,7/23/2017,4:00:40 AM HKT,64,25,28,7,21,53,1.0,95.0
624,7/23/2017,4:01:10 AM HKT,42,26,27,5,75,60,0.0,95.0
625,7/23/2017,4:01:23 AM HKT,99,30,29,7,39,15,0.0,95.0
626,7/23/2017,4:01:37 AM HKT,83,23,22,6,73,94,1.0,95.0
627,7/23/2017,4:01:54 AM HKT,56,33,33,8,61,39,0.0,95.0
628,7/23/2017,4:02:13 AM HKT,63,26,24,5,62,7,0.0,95.0
629,7/23/2017,4:02:29 AM HKT,25,22,31,5,83,92,1.0,95.0
630,7/23/2017,4:02:44 AM HKT,5,32,29,8,21,10,0.0,95.0
631,7/23/2017,4:03:01 AM HKT,2,27,30,7,37,52,1.0,95.0
632,7/23/2017,4:03:19 AM HKT,9,22,26,6,25,2,1.0,95.0
633,7/23/2017,4:03:50 AM HKT,47,27,30,7,5,33,1.0,95.0
634,7/23/2017,4:04:14 AM HKT,41,24,30,8,0,88,0.0,95.0
635,7/23/2017,4:04:29 AM HKT,59,22,30,8,44,51,1.0,95.0
636,7/23/2017,4:04:41 AM HKT,95,33,30,6,33,63,0.0,95.0
637,7/23/2017,4:04:54 AM HKT,28,23,28,5,26,31,0.0,95.0
638,7/23/2017,4:05:29 AM HKT,13,32,32,6,14,7,1.0,95.0
639,7/23/2017,4:06:09 AM HKT,61,26,33,8,78,70,0.0,95.0
640,7/23/2017,4:06:31 AM HKT,17,27,23,8,0,64,1.0,95.0
641,7/23/2017,4:06:52 AM HKT,86,26,30,6,95,88,0.0,95.0
642,7/23/2017,4:07:14 AM HKT,62,33,30,7,83,38,0.0,95.0
643,7/23/2017,4:07:29 AM HKT,23,29,27,5,39,53,1.0,95.0
644,7/23/2017,4:07:43 AM HKT,33,25,31,7,38,52,1.0,95.0
645,7/23/2017,4:08:00 AM HKT,32,24,22,8,29,41,1.0,95.0
646,7/23/2017,4:09:02 AM HKT,52,23,32,8,71,83,0.0,95.0
647,7/23/2017,4:09:15 AM HKT,64,25,22,6,17,64,1.0,95.0
648,7/23/2017,4:09:29 AM HKT,5,23,22,8,69,34,0.0,95.0
649,7/23/2017,4:09:43 AM HKT,73,22,23,5,86,60,1.0,95.0
650,7/23/2017,4:10:31 AM HKT,15,29,32,8,8,4,1.0,95.0
651,7/23/2017,4:10:46 AM HKT,78,24,32,5,81,42,1.0,95.0
652,7/23/2017,4:11:03 AM HKT,87,22,31,7,59,64,0.0,95.0
653,7/23/2017,4:11:22 AM HKT,22,22,31,6,36,94,0.0,95.0
654,7/23/2017,4:11:45 AM HKT,45,23,30,6,55,30,1.0,95.0
655,7/23/2017,4:12:00 AM HKT,10,26,29,8,30,28,0.0,95.0
656,7/23/2017,4:12:23 AM HKT,62,28,26,5,99,48,1.0,95.0
657,7/23/2017,4:12:55 AM HKT,60,24,22,5,31,99,0.0,95.0
658,7/23/2017,4:13:12 AM HKT,0,23,29,5,86,26,1.0,95.0
659,7/23/2017,4:13:37 AM HKT,83,25,25,7,42,21,0.0,95.0
660,7/23/2017,4:13:59 AM HKT,59,23,30,5,56,92,0.0,95.0
661,7/23/2017,4:14:15 AM HKT,29,28,26,7,37,65,1.0,95.0
662,7/23/2017,4:14:28 AM HKT,19,27,31,8,48,55,0.0,95.0
663,7/23/2017,4:14:56 AM HKT,53,22,23,6,89,82,0.0,95.0
664,7/23/2017,4:15:47 AM HKT,67,25,25,8,91,98,1.0,95.0
665,7/23/2017,4:16:02 AM HKT,0,28,30,6,15,64,0.0,95.0
666,7/23/2017,4:16:19 AM HKT,96,25,33,5,0,24,0.0,95.0
667,7/23/2017,4:16:36 AM HKT,35,27,27,8,79,9,1.0,95.0
668,7/23/2017,4:17:15 AM HKT,78,22,31,7,12,0,0.0,95.0
669,7/23/2017,4:17:29 AM HKT,87,31,24,5,71,14,1.0,95.0
670,7/23/2017,4:17:44 AM HKT,99,25,26,6,26,87,1.0,95.0
671,7/23/2017,4:17:58 AM HKT,46,26,28,6,76,10,1.0,95.0
672,7/23/2017,4:18:12 AM HKT,40,29,31,8,57,80,0.0,95.0
673,7/23/2017,4:18:29 AM HKT,78,31,25,8,13,88,1.0,95.0
674,7/23/2017,4:18:51 AM HKT,65,26,22,5,96,41,0.0,95.0
675,7/23/2017,4:19:06 AM HKT,85,26,29,7,25,53,0.0,95.0
676,7/23/2017,4:19:23 AM HKT,20,31,32,7,5,47,1.0,95.0
677,7/23/2017,4:19:36 AM HKT,27,31,29,6,51,26,0.0,95.0
678,7/23/2017,4:19:52 AM HKT,6,27,25,6,44,23,1.0,95.0
679,7/23/2017,4:20:03 AM HKT,48,28,24,7,70,80,0.0,95.0
680,7/23/2017,4:20:16 AM HKT,80,31,26,5,26,58,0.0,95.0
681,7/23/2017,4:20:29 AM HKT,60,25,24,5,47,53,1.0,95.0
682,7/23/2017,4:20:46 AM HKT,51,25,31,5,41,14,1.0,95.0
683,7/23/2017,4:20:59 AM HKT,98,25,23,8,6,56,1.0,95.0
684,7/23/2017,4:21:13 AM HKT,88,27,28,8,47,86,1.0,95.0
685,7/23/2017,4:21:29 AM HKT,97,22,30,6,58,93,0.0,95.0
686,7/23/2017,4:21:49 AM HKT,28,33,27,7,41,45,0.0,95.0
687,7/23/2017,4:22:10 AM HKT,26,26,23,6,25,41,1.0,95.0
688,7/23/2017,4:22:23 AM HKT,0,24,31,5,48,84,0.0,95.0
689,7/23/2017,4:22:35 AM HKT,67,24,25,5,74,49,1.0,95.0
690,7/23/2017,4:23:14 AM HKT,54,24,31,6,66,56,0.0,95.0
691,7/23/2017,4:23:25 AM HKT,10,22,28,6,86,29,1.0,95.0
692,7/23/2017,4:23:40 AM HKT,24,31,32,6,32,24,0.0,95.0
693,7/23/2017,4:23:57 AM HKT,28,28,30,6,58,90,0.0,95.0
694,7/23/2017,4:24:12 AM HKT,7,33,24,5,4,75,1.0,95.0
695,7/23/2017,4:24:24 AM HKT,68,26,26,8,81,71,0.0,95.0
696,7/23/2017,4:25:05 AM HKT,94,32,22,5,88,41,0.0,95.0
697,7/23/2017,4:25:16 AM HKT,96,25,26,5,4,73,1.0,95.0
698,7/23/2017,4:25:38 AM HKT,95,28,29,5,14,42,0.0,95.0
699,7/23/2017,4:25:51 AM HKT,63,25,30,8,15,70,0.0,95.0
700,7/23/2017,4:26:12 AM HKT,32,22,24,7,82,20,1.0,95.0
701,7/23/2017,4:26:27 AM HKT,65,31,30,7,60,3,0.0,95.0
702,7/23/2017,4:26:49 AM HKT,55,26,33,8,1,96,1.0,95.0
703,7/23/2017,4:26:59 AM HKT,44,27,30,6,60,8,1.0,95.0
704,7/23/2017,4:27:21 AM HKT,73,28,24,7,3,56,1.0,95.0
705,7/23/2017,4:27:35 AM HKT,89,31,22,6,54,11,0.0,95.0
706,7/23/2017,4:27:59 AM HKT,11,25,23,7,51,49,1.0,95.0
707,7/23/2017,4:28:16 AM HKT,32,30,23,8,74,25,0.0,95.0
708,7/23/2017,4:28:49 AM HKT,78,30,22,8,85,50,0.0,95.0
709,7/23/2017,4:29:03 AM HKT,32,23,28,6,62,84,1.0,95.0
710,7/23/2017,4:29:20 AM HKT,6,27,31,8,43,6,0.0,95.0
711,7/23/2017,4:29:43 AM HKT,82,25,26,6,85,8,1.0,95.0
712,7/23/2017,4:30:06 AM HKT,10,23,32,6,63,71,1.0,95.0
713,7/23/2017,4:30:20 AM HKT,54,23,24,5,54,75,1.0,95.0
714,7/23/2017,4:30:44 AM HKT,36,23,28,6,15,24,0.0,95.0
715,7/23/2017,4:31:08 AM HKT,73,24,31,8,53,83,0.0,95.0
716,7/23/2017,4:31:23 AM HKT,69,22,29,8,87,0,1.0,95.0
717,7/23/2017,4:31:55 AM HKT,10,24,32,8,82,27,0.0,95.0
718,7/23/2017,4:32:27 AM HKT,97,23,27,5,17,19,1.0,95.0
719,7/23/2017,4:32:43 AM HKT,24,25,29,5,69,0,0.0,95.0
720,7/23/2017,4:33:05 AM HKT,79,26,25,6,36,39,1.0,95.0
721,7/23/2017,4:33:29 AM HKT,15,32,32,5,76,92,0.0,95.0
722,7/23/2017,4:33:45 AM HKT,81,32,22,5,56,66,0.0,95.0
723,7/23/2017,4:34:00 AM HKT,55,26,27,5,25,5,1.0,95.0
724,7/23/2017,4:34:14 AM HKT,39,23,22,8,82,0,0.0,96.0
725,7/23/2017,4:34:37 AM HKT,43,22,32,5,46,67,0.0,96.0
726,7/23/2017,4:34:54 AM HKT,24,30,32,6,70,72,1.0,96.0
727,7/23/2017,4:35:07 AM HKT,47,24,32,5,76,89,1.0,96.0
728,7/23/2017,4:35:21 AM HKT,45,22,33,6,0,8,1.0,96.0
729,7/23/2017,4:35:53 AM HKT,90,23,23,8,71,71,0.0,96.0
730,7/23/2017,4:36:10 AM HKT,16,24,30,7,75,70,0.0,96.0
731,7/23/2017,4:36:34 AM HKT,34,29,22,5,61,80,1.0,96.0
732,7/23/2017,4:37:08 AM HKT,64,29,33,7,46,69,0.0,96.0
733,7/23/2017,4:37:35 AM HKT,73,30,25,8,63,6,1.0,96.0
734,7/23/2017,4:38:00 AM HKT,40,27,27,8,14,57,0.0,96.0
735,7/23/2017,4:38:18 AM HKT,77,23,22,5,6,52,1.0,96.0
736,7/23/2017,4:38:34 AM HKT,4,23,32,6,3,9,0.0,96.0
737,7/23/2017,4:38:58 AM HKT,33,29,24,8,61,74,0.0,96.0
738,7/23/2017,4:39:15 AM HKT,87,32,24,6,15,23,1.0,96.0
739,7/23/2017,4:39:26 AM HKT,25,23,27,7,5,81,0.0,96.0
740,7/23/2017,4:39:41 AM HKT,76,31,23,6,89,12,0.0,96.0
741,7/23/2017,4:39:58 AM HKT,9,22,30,6,48,65,1.0,96.0
742,7/23/2017,4:40:11 AM HKT,42,26,30,8,18,29,0.0,96.0
743,7/23/2017,4:40:28 AM HKT,59,27,22,5,47,2,0.0,96.0
744,7/23/2017,4:40:43 AM HKT,25,33,24,6,79,90,1.0,96.0
745,7/23/2017,4:40:57 AM HKT,20,30,30,7,5,85,0.0,96.0
746,7/23/2017,4:41:27 AM HKT,89,23,31,7,92,19,1.0,96.0
747,7/23/2017,4:41:41 AM HKT,20,29,30,8,63,11,1.0,96.0
748,7/23/2017,4:41:57 AM HKT,96,29,24,8,92,2,1.0,96.0
749,7/23/2017,4:42:14 AM HKT,1,33,32,7,68,97,0.0,96.0
750,7/23/2017,4:42:45 AM HKT,55,23,27,7,53,62,1.0,96.0
751,7/23/2017,4:43:01 AM HKT,89,28,23,7,80,20,0.0,96.0
752,7/23/2017,4:43:22 AM HKT,34,33,26,7,84,71,0.0,96.0
753,7/23/2017,4:43:37 AM HKT,91,25,33,5,45,49,1.0,96.0
754,7/23/2017,4:43:49 AM HKT,32,23,30,8,13,17,0.0,96.0
755,7/23/2017,4:44:03 AM HKT,59,32,31,5,65,38,1.0,96.0
756,7/23/2017,4:44:33 AM HKT,69,32,26,6,13,56,0.0,96.0
757,7/23/2017,4:44:47 AM HKT,17,23,24,6,29,70,0.0,96.0
758,7/23/2017,4:45:03 AM HKT,88,27,27,7,12,28,1.0,96.0
759,7/23/2017,4:45:15 AM HKT,81,24,22,6,18,9,1.0,96.0
760,7/23/2017,4:45:27 AM HKT,77,26,26,6,58,56,1.0,96.0
761,7/23/2017,4:45:38 AM HKT,39,29,25,7,71,54,0.0,96.0
762,7/23/2017,4:45:50 AM HKT,88,30,22,8,55,48,1.0,96.0
763,7/23/2017,4:46:12 AM HKT,0,23,29,5,3,99,1.0,96.0
764,7/23/2017,4:46:25 AM HKT,31,32,28,8,28,41,1.0,96.0
765,7/23/2017,4:46:37 AM HKT,49,33,28,7,46,90,0.0,96.0
766,7/23/2017,4:46:49 AM HKT,92,28,29,7,68,85,0.0,96.0
767,7/23/2017,4:47:19 AM HKT,32,24,29,5,30,59,1.0,96.0
768,7/23/2017,4:47:32 AM HKT,91,30,24,5,52,70,0.0,96.0
769,7/23/2017,4:47:47 AM HKT,97,29,23,7,56,59,1.0,96.0
770,7/23/2017,4:48:03 AM HKT,34,24,26,6,58,43,0.0,96.0
771,7/23/2017,4:48:17 AM HKT,81,25,24,7,71,50,1.0,96.0
772,7/23/2017,4:48:30 AM HKT,17,30,23,8,77,5,0.0,96.0
773,7/23/2017,4:48:44 AM HKT,50,26,22,6,13,46,0.0,96.0
774,7/23/2017,4:48:57 AM HKT,68,32,29,6,27,12,1.0,96.0
775,7/23/2017,4:49:19 AM HKT,40,27,33,5,99,18,0.0,96.0
776,7/23/2017,4:49:35 AM HKT,0,32,31,8,82,48,0.0,96.0
777,7/23/2017,4:49:51 AM HKT,89,26,24,5,21,43,1.0,96.0
778,7/23/2017,4:50:04 AM HKT,58,32,32,6,38,80,0.0,96.0
779,7/23/2017,4:50:18 AM HKT,23,24,22,7,89,52,0.0,96.0
780,7/23/2017,4:50:31 AM HKT,5,33,28,5,95,91,1.0,96.0
781,7/23/2017,4:50:45 AM HKT,21,26,26,8,66,38,0.0,96.0
782,7/23/2017,4:50:59 AM HKT,10,29,27,8,69,70,1.0,96.0
783,7/23/2017,4:51:16 AM HKT,15,32,32,8,51,62,1.0,96.0
784,7/23/2017,4:51:38 AM HKT,89,29,22,6,96,11,1.0,96.0
785,7/23/2017,4:51:49 AM HKT,5,32,29,7,18,83,0.0,96.0
786,7/23/2017,4:52:02 AM HKT,71,29,28,7,79,58,1.0,96.0
787,7/23/2017,4:52:22 AM HKT,70,26,25,7,32,33,0.0,96.0
788,7/23/2017,4:52:50 AM HKT,15,24,22,8,90,18,0.0,96.0
789,7/23/2017,4:53:05 AM HKT,7,25,29,6,83,82,1.0,96.0
790,7/23/2017,4:53:19 AM HKT,68,28,29,8,97,5,0.0,96.0
791,7/23/2017,4:53:36 AM HKT,30,22,26,7,88,56,1.0,96.0
792,7/23/2017,4:53:50 AM HKT,19,25,31,7,33,7,0.0,96.0
793,7/23/2017,4:54:05 AM HKT,44,32,24,7,1,58,0.0,96.0
794,7/23/2017,4:54:27 AM HKT,26,24,23,7,64,66,1.0,96.0
795,7/23/2017,4:54:44 AM HKT,94,23,32,8,9,18,1.0,96.0
796,7/23/2017,4:55:00 AM HKT,38,28,33,6,66,94,1.0,96.0
797,7/23/2017,4:55:15 AM HKT,16,27,23,8,80,20,0.0,96.0
798,7/23/2017,4:55:28 AM HKT,81,31,33,6,6,25,1.0,96.0
799,7/23/2017,4:55:42 AM HKT,52,23,27,6,33,78,0.0,96.0
800,7/23/2017,4:55:55 AM HKT,36,25,29,6,74,45,1.0,96.0
801,7/23/2017,4:56:07 AM HKT,33,26,32,5,16,84,0.0,96.0
802,7/23/2017,4:56:21 AM HKT,0,27,28,5,81,23,1.0,96.0
803,7/23/2017,4:56:33 AM HKT,35,31,24,8,16,6,0.0,96.0
804,7/23/2017,4:56:48 AM HKT,61,29,26,5,5,21,1.0,96.0
805,7/23/2017,4:57:02 AM HKT,20,30,25,7,16,90,1.0,96.0
806,7/23/2017,4:57:17 AM HKT,70,23,29,6,46,95,1.0,96.0
807,7/23/2017,4:57:32 AM HKT,91,29,31,6,93,86,1.0,96.0
808,7/23/2017,4:57:46 AM HKT,9,26,31,8,35,66,0.0,96.0
809,7/23/2017,4:58:01 AM HKT,76,28,30,7,86,8,0.0,96.0
810,7/23/2017,4:58:18 AM HKT,94,33,33,6,70,71,1.0,96.0
811,7/23/2017,4:58:40 AM HKT,68,27,25,8,27,63,0.0,96.0
812,7/23/2017,4:58:57 AM HKT,59,29,32,5,0,89,1.0,96.0
813,7/23/2017,4:59:10 AM HKT,89,31,33,8,13,90,0.0,96.0
814,7/23/2017,4:59:24 AM HKT,7,27,25,5,84,94,1.0,96.0
815,7/23/2017,4:59:39 AM HKT,87,30,22,7,11,71,0.0,96.0
816,7/23/2017,5:00:01 AM HKT,27,22,26,6,30,52,0.0,96.0
817,7/23/2017,5:00:15 AM HKT,2,31,33,6,35,37,1.0,96.0
818,7/23/2017,5:00:29 AM HKT,98,31,27,7,26,70,0.0,96.0
819,7/23/2017,5:01:01 AM HKT,87,26,27,8,51,56,0.0,96.0
820,7/23/2017,5:01:17 AM HKT,37,28,23,7,61,43,1.0,96.0
821,7/23/2017,5:01:32 AM HKT,18,30,29,5,46,75,0.0,96.0
822,7/23/2017,5:01:46 AM HKT,44,32,30,8,62,96,0.0,96.0
823,7/23/2017,5:02:01 AM HKT,25,28,30,5,59,62,1.0,96.0
824,7/23/2017,5:02:16 AM HKT,46,31,24,5,76,77,0.0,96.0
825,7/23/2017,5:02:41 AM HKT,80,28,28,5,83,97,1.0,96.0
826,7/23/2017,5:02:53 AM HKT,79,29,26,5,44,39,1.0,96.0
827,7/23/2017,5:03:07 AM HKT,15,24,23,7,35,69,1.0,96.0
828,7/23/2017,5:03:25 AM HKT,38,26,30,6,4,36,0.0,96.0
829,7/23/2017,5:03:38 AM HKT,45,33,24,8,98,12,1.0,96.0
830,7/23/2017,5:03:53 AM HKT,13,29,33,5,97,8,0.0,96.0
831,7/23/2017,5:04:07 AM HKT,85,25,33,7,67,50,0.0,96.0
832,7/23/2017,5:04:23 AM HKT,37,28,29,8,24,99,1.0,96.0
833,7/23/2017,5:04:40 AM HKT,54,31,24,6,20,16,0.0,96.0
834,7/23/2017,5:05:01 AM HKT,63,27,27,7,74,3,1.0,96.0
835,7/23/2017,5:05:22 AM HKT,84,27,25,7,17,43,0.0,96.0
836,7/23/2017,5:05:37 AM HKT,92,30,29,5,42,75,0.0,96.0
837,7/23/2017,5:06:21 AM HKT,73,30,24,5,64,48,1.0,96.0
838,7/23/2017,5:06:53 AM HKT,86,31,22,5,60,5,1.0,96.0
839,7/23/2017,5:07:06 AM HKT,0,32,30,7,41,24,1.0,96.0
840,7/23/2017,5:07:30 AM HKT,16,30,23,6,87,90,0.0,96.0
841,7/23/2017,5:08:12 AM HKT,58,26,26,6,48,21,1.0,96.0
842,7/23/2017,5:08:28 AM HKT,22,29,31,7,97,71,1.0,96.0
843,7/23/2017,5:08:40 AM HKT,57,25,26,8,73,22,1.0,96.0
844,7/23/2017,5:09:07 AM HKT,87,24,29,5,56,71,0.0,96.0
845,7/23/2017,5:09:24 AM HKT,45,32,29,7,31,27,0.0,96.0
846,7/23/2017,5:09:58 AM HKT,71,28,26,7,33,4,1.0,96.0
847,7/23/2017,5:10:12 AM HKT,56,29,23,7,39,95,0.0,96.0
848,7/23/2017,5:10:25 AM HKT,0,27,32,7,15,74,1.0,96.0
849,7/23/2017,5:10:38 AM HKT,4,27,24,6,35,17,0.0,96.0
850,7/23/2017,5:10:50 AM HKT,79,26,24,7,54,69,1.0,96.0
851,7/23/2017,5:11:03 AM HKT,18,33,29,6,79,27,0.0,96.0
852,7/23/2017,5:11:20 AM HKT,94,28,27,7,91,57,0.0,96.0
853,7/23/2017,5:11:35 AM HKT,98,33,25,6,79,18,1.0,96.0
854,7/23/2017,5:11:53 AM HKT,22,24,24,8,67,92,0.0,96.0
855,7/23/2017,5:12:07 AM HKT,29,28,24,7,4,72,0.0,96.0
856,7/23/2017,5:12:21 AM HKT,70,25,25,8,18,53,1.0,96.0
857,7/23/2017,5:12:34 AM HKT,42,33,29,6,55,67,0.0,96.0
858,7/23/2017,5:12:48 AM HKT,34,27,33,6,40,83,0.0,96.0
859,7/23/2017,5:13:00 AM HKT,42,22,29,8,81,90,1.0,96.0
860,7/23/2017,5:13:15 AM HKT,1,26,32,7,98,66,0.0,96.0
861,7/23/2017,5:13:28 AM HKT,97,29,26,8,3,55,1.0,96.0
862,7/23/2017,5:13:51 AM HKT,87,32,32,8,41,79,1.0,96.0
863,7/23/2017,5:14:04 AM HKT,87,24,23,6,89,55,1.0,96.0
864,7/23/2017,5:14:17 AM HKT,38,23,25,7,81,9,0.0,96.0
865,7/23/2017,5:14:31 AM HKT,32,33,25,6,71,99,1.0,96.0
866,7/23/2017,5:14:44 AM HKT,30,27,30,7,51,65,0.0,96.0
867,7/23/2017,5:14:59 AM HKT,26,31,25,5,77,84,0.0,96.0
868,7/23/2017,5:15:22 AM HKT,70,22,32,6,42,85,1.0,96.0
869,7/23/2017,5:15:35 AM HKT,85,29,23,5,16,94,0.0,96.0
870,7/23/2017,5:15:47 AM HKT,97,23,31,7,92,50,1.0,96.0
871,7/23/2017,5:16:02 AM HKT,81,33,25,7,49,61,0.0,96.0
872,7/23/2017,5:16:31 AM HKT,8,23,26,6,50,6,0.0,96.0
873,7/23/2017,5:16:44 AM HKT,17,30,29,8,43,94,1.0,96.0
874,7/23/2017,5:16:59 AM HKT,99,33,29,6,60,86,1.0,96.0
875,7/23/2017,5:17:13 AM HKT,15,22,31,6,12,1,1.0,96.0
876,7/23/2017,5:17:27 AM HKT,13,23,22,6,88,64,0.0,96.0
877,7/23/2017,5:17:53 AM HKT,20,28,25,6,60,42,1.0,96.0
878,7/23/2017,5:18:10 AM HKT,56,30,28,8,61,8,0.0,96.0
879,7/23/2017,5:18:25 AM HKT,0,22,27,5,4,92,1.0,96.0
880,7/23/2017,5:18:39 AM HKT,95,23,28,8,12,61,0.0,96.0
881,7/23/2017,5:18:53 AM HKT,65,33,23,8,43,22,1.0,96.0
882,7/23/2017,5:19:04 AM HKT,39,24,23,6,47,50,0.0,96.0
883,7/23/2017,5:19:18 AM HKT,97,25,32,6,7,58,1.0,96.0
884,7/23/2017,5:19:30 AM HKT,22,28,30,6,53,93,1.0,96.0
885,7/23/2017,5:20:00 AM HKT,64,31,31,7,20,12,0.0,96.0
886,7/23/2017,5:20:15 AM HKT,64,25,29,6,23,16,0.0,96.0
887,7/23/2017,5:20:29 AM HKT,63,23,29,6,23,37,0.0,96.0
888,7/23/2017,5:20:44 AM HKT,84,28,28,6,57,56,0.0,96.0
889,7/23/2017,5:21:05 AM HKT,96,31,22,6,3,27,1.0,96.0
890,7/23/2017,5:21:36 AM HKT,76,29,29,6,69,67,0.0,96.0
891,7/23/2017,5:21:50 AM HKT,17,24,30,5,97,5,1.0,96.0
892,7/23/2017,5:22:04 AM HKT,66,25,30,6,88,57,0.0,96.0
893,7/23/2017,5:22:27 AM HKT,50,33,23,6,12,68,0.0,96.0
894,7/23/2017,5:22:49 AM HKT,79,29,25,6,65,28,1.0,96.0
895,7/23/2017,5:23:04 AM HKT,83,25,28,7,63,2,1.0,96.0
896,7/23/2017,5:23:18 AM HKT,62,22,24,7,54,61,1.0,96.0
897,7/23/2017,6:17:14 AM HKT,0,27,25,7,29,0,0.0,96.0
898,7/23/2017,6:17:26 AM HKT,51,25,27,5,93,30,0.0,96.0
899,7/23/2017,6:17:49 AM HKT,69,25,33,7,24,35,1.0,96.0
900,7/23/2017,6:18:02 AM HKT,20,30,24,7,84,63,1.0,96.0
901,7/23/2017,6:50:11 AM HKT,15,27,23,7,67,97,,
902,7/23/2017,6:52:37 AM HKT,15,27,23,7,67,97,,
903,7/23/2017,6:53:29 AM HKT,15,27,23,7,67,97,,
904,7/23/2017,6:54:54 AM HKT,15,27,23,7,67,97,,
